{
  "1657181700000": [
    "Melon",
    "Nether Wart",
    "Sugar Cane"
  ],
  "1657185300000": [
    "Melon",
    "Pumpkin",
    "Wheat"
  ],
  "1657188900000": [
    "Carrot",
    "Mushroom",
    "Sugar Cane"
  ],
  "1657192500000": [
    "Cocoa Beans",
    "Nether Wart",
    "Potato"
  ],
  "1657196100000": [
    "Nether Wart",
    "Potato",
    "Pumpkin"
  ],
  "1657199700000": [
    "Melon",
    "Mushroom",
    "Wheat"
  ],
  "1657203300000": [
    "Cactus",
    "Carrot",
    "Sugar Cane"
  ],
  "1657206900000": [
    "Cactus",
    "Carrot",
    "Potato"
  ],
  "1657210500000": [
    "Cocoa Beans",
    "Sugar Cane",
    "Wheat"
  ],
  "1657214100000": [
    "Melon",
    "Nether Wart",
    "Pumpkin"
  ],
  "1657217700000": [
    "Carrot",
    "Cocoa Beans",
    "Wheat"
  ]
}