{
  "profiles" : {
    "810957753812e0b8b22e9dbdcd800d16" : {
      "created" : "1970-01-02T00:00:00.000Z",
      "icon" : "Grass",
      "lastUsed" : "1970-01-02T00:00:00.000Z",
      "lastVersionId" : "latest-release",
      "name" : "",
      "type" : "latest-release"
    },
    "995b691f10dc1ff8584a95d29f1088c2" : {
      "created" : "1970-01-01T00:00:00.000Z",
      "icon" : "Crafting_Table",
      "lastUsed" : "1970-01-01T00:00:00.000Z",
      "lastVersionId" : "latest-snapshot",
      "name" : "",
      "type" : "latest-snapshot"
    },
    "forge" : {
      "icon" : "Enchanting_Table",
      "javaArgs" : "-Xmx4G -XX:+UnlockExperimentalVMOptions -XX:+UseG1GC -XX:G1NewSizePercent=20 -XX:G1ReservePercent=20 -XX:MaxGCPauseMillis=50 -XX:G1HeapRegionSize=32M",
      "lastUsed" : "2022-07-14T15:58:37.739Z",
      "lastVersionId" : "1.8.9-forge1.8.9-11.15.1.2318-1.8.9",
      "name" : "Multiplayer",
      "type" : ""
    }
  },
  "settings" : {
    "crashAssistance" : true,
    "enableAdvanced" : false,
    "enableAnalytics" : true,
    "enableHistorical" : false,
    "enableReleases" : true,
    "enableSnapshots" : false,
    "keepLauncherOpen" : false,
    "profileSorting" : "ByLastPlayed",
    "showGameLog" : false,
    "showMenu" : false,
    "soundOn" : false
  },
  "version" : 3
}
